<?xml version="1.0" encoding="UTF-8"?>
<addon id="plugin.video.gronkh_de" name="Gronkh.de" version="1.0.2" provider-name="AddonScriptorDE">
    <requires>
        <import addon="xbmc.python" version="2.0"/>
        <import addon="plugin.video.youtube" version="3.0.0"/>
    </requires>
    <extension point="xbmc.python.pluginsource" library="default.py">
        <provides>video</provides>
    </extension>
    <extension point="xbmc.addon.metadata">
        <platform>all</platform>
        <summary lang="en">"Let's play" Videos</summary>
        <language>de</language>
        <description lang="en">"Let's play" Videos</description>
    <platform>all</platform>
    </extension>
</addon>
