<?xml version="1.0" encoding="UTF-8"?>
<addon id="plugin.video.drdish-tv_de" name="DrDish-TV.de" version="1.0.3" provider-name="AddonScriptorDE">
    <requires>
        <import addon="xbmc.python" version="2.0"/>
    </requires>
    <extension point="xbmc.python.pluginsource" library="default.py">
        <provides>video</provides>
    </extension>
    <extension point="xbmc.addon.metadata">
        <platform>all</platform>
        <summary lang="de">Der Multimedia-Kanal</summary>
        <summary lang="en">Der Multimedia-Kanal</summary>
        <language>de</language>
        <description lang="de">Der Multimedia-Kanal</description>
        <description lang="en">The Multimedia Channel</description>
    <platform>all</platform>
    </extension>
</addon>
